source,attribution,collection,documentation-url,endpoint,licence,organisation,pipelines,entry-date,start-date,end-date
5f8bc073659e01ecbe2a9c5e68b7fcc4,,tree-preservation-order,,,,development-corporation:Q20648596,tree-preservation-order;tree,2021-12-01T07:16:09Z,,
85b2a349d008e3b6a5582389ab7f7376,,tree-preservation-order,,,,development-corporation:Q4916714,tree-preservation-order;tree,2021-12-01T07:16:09Z,,1998-04-03
0c04d6fa345e793a3879640e41762b05,,tree-preservation-order,,,,development-corporation:Q6670544,tree-preservation-order;tree,2021-12-01T07:16:09Z,,
4700cf823637f7de3199141d49f537e1,,tree-preservation-order,,,,development-corporation:Q6670837,tree-preservation-order;tree,2021-12-01T07:16:09Z,,2013-02-28
6b50b932df952f27a67e755fd802b712,,tree-preservation-order,,,,development-corporation:Q72456968,tree-preservation-order;tree,2021-12-01T07:16:09Z,,
df1295fecdce38a21f8e4f56e8c74d52,,tree-preservation-order,,,,development-corporation:Q72463795,tree-preservation-order;tree,2021-12-01T07:16:09Z,,
1d585753e8ad9588bd1b2675fe12d107,,tree-preservation-order,,,,development-corporation:Q7799380,tree-preservation-order;tree,2021-12-01T07:16:09Z,,2012-10-31
18054fcfa8d7a9892ace885745c82098,,tree-preservation-order,,,,development-corporation:Q7860503,tree-preservation-order;tree,2021-12-01T07:16:09Z,,1998-04-03
6ed117f24354aabbf08d4fdb0b0b9f66,,tree-preservation-order,,,,development-corporation:Q7986087,tree-preservation-order;tree,2021-12-01T07:16:09Z,,2014-07-13
4ac698f8f95a3c491feefa6932808042,,tree-preservation-order,,,,local-authority-eng:ADU,tree-preservation-order;tree,2021-12-01T07:16:09Z,,
587419887ac76712b2afb39612751bbb,,tree-preservation-order,,,,local-authority-eng:ALL,tree-preservation-order;tree,2021-12-01T07:16:09Z,,
af4a961c79f11bc5cebd0d5ae7b22607,,tree-preservation-order,,,,local-authority-eng:AMB,tree-preservation-order;tree,2021-12-01T07:16:09Z,,
f590cff7f4ff854feb883eda2e258c66,,tree-preservation-order,,,,local-authority-eng:ARU,tree-preservation-order;tree,2021-12-01T07:16:09Z,,
61ab5aff8dc4910d9121f348e0559c18,,tree-preservation-order,,,,local-authority-eng:ASF,tree-preservation-order;tree,2021-12-01T07:16:09Z,,
81fd5b35411d089f3d893779db9a5e8d,,tree-preservation-order,,,,local-authority-eng:ASH,tree-preservation-order;tree,2021-12-01T07:16:09Z,,
ee1ecedb61eca9abf83793e183d90e64,,tree-preservation-order,,,,local-authority-eng:AYL,tree-preservation-order;tree,2021-12-01T07:16:09Z,,2020-03-31
d2e35bfe81bcf4fa26abb5f543645ff2,,tree-preservation-order,,,,local-authority-eng:BAB,tree-preservation-order;tree,2021-12-01T07:16:09Z,,
c11d12651e5e2ad0652f3bcf96add623,,tree-preservation-order,,,,local-authority-eng:BAE,tree-preservation-order;tree,2021-12-01T07:16:09Z,,
4f7b2d47d2f1b3b7d1c838031942bd67,,tree-preservation-order,,,,local-authority-eng:BAI,tree-preservation-order;tree,2021-12-01T07:16:09Z,,
fd0258b2ff248011e9f39b07bfa02a87,,tree-preservation-order,,,,local-authority-eng:BAN,tree-preservation-order;tree,2021-12-01T07:16:09Z,,
40b7360724f87a7695632a5f1309d158,,tree-preservation-order,,,,local-authority-eng:BAR,tree-preservation-order;tree,2021-12-01T07:16:09Z,,
a0e2679dddc8d707c33d62072a578e86,,tree-preservation-order,,,,local-authority-eng:BAS,tree-preservation-order;tree,2021-12-01T07:16:09Z,,
1109eb013e40e78075390fc75a68f899,,tree-preservation-order,,,,local-authority-eng:BBD,tree-preservation-order;tree,2021-12-01T07:16:09Z,,
d07ba50e50d32bbac6a9cc889eb24604,,tree-preservation-order,,,,local-authority-eng:BDF,tree-preservation-order;tree,2021-12-01T07:16:09Z,,
8c7cea79b0cea928a094244131c6f55e,,tree-preservation-order,,,,local-authority-eng:BDG,tree-preservation-order;tree,2021-12-01T07:16:09Z,,
304484d75094c20aa648c2775ecb66ae,,tree-preservation-order,,,,local-authority-eng:BEN,tree-preservation-order;tree,2021-12-01T07:16:09Z,,
11dc4fe0077536de24f8f6508df55f08,,tree-preservation-order,,,,local-authority-eng:BEX,tree-preservation-order;tree,2021-12-01T07:16:09Z,,
fb5eb2a716de25ccb424033ef73cc692,,tree-preservation-order,,,,local-authority-eng:BIR,tree-preservation-order;tree,2021-12-01T07:16:09Z,,
28035d1046952dd7f75dbbedb49a882e,,tree-preservation-order,,,,local-authority-eng:BLA,tree-preservation-order;tree,2021-12-01T07:16:09Z,,
8009f2c8ef08e8c9d12fb4daecb32360,,tree-preservation-order,,,,local-authority-eng:BMH,tree-preservation-order;tree,2021-12-01T07:16:09Z,,2019-03-31
e430d53b8d23dd93c8d4733b7a1fb8ef,,tree-preservation-order,,,,local-authority-eng:BNE,tree-preservation-order;tree,2021-12-01T07:16:09Z,,
101ea90c6d929ac9abb60f72605b7d10,,tree-preservation-order,,,,local-authority-eng:BNH,tree-preservation-order;tree,2021-12-01T07:16:09Z,,
5b5df38152c2802297435ac7c97431ee,,tree-preservation-order,,,,local-authority-eng:BNS,tree-preservation-order;tree,2021-12-01T07:16:09Z,,
6022b79110c819cb5ce9b4422fa22c87,,tree-preservation-order,,,,local-authority-eng:BOL,tree-preservation-order;tree,2021-12-01T07:16:09Z,,
4a7d25fc68e49fd53cb0caf908f2ace1,,tree-preservation-order,,,,local-authority-eng:BOS,tree-preservation-order;tree,2021-12-01T07:16:09Z,,
7b730cdb00439341428887c2fe46d225,,tree-preservation-order,,,,local-authority-eng:BOT,tree-preservation-order;tree,2021-12-01T07:16:09Z,,
8accdcb0353767a538079f4dd322cc28,,tree-preservation-order,,,,local-authority-eng:BPC,tree-preservation-order;tree,2021-12-01T07:16:09Z,,
edb4772a3eaf52ac2ed6176ee6ab8efa,,tree-preservation-order,,,,local-authority-eng:BPL,tree-preservation-order;tree,2021-12-01T07:16:09Z,,
92503de3d908086dc432b808a85c67de,,tree-preservation-order,,,,local-authority-eng:BRA,tree-preservation-order;tree,2021-12-01T07:16:09Z,,
71300129a11c658eb2774d3cebb812b9,,tree-preservation-order,,,,local-authority-eng:BRC,tree-preservation-order;tree,2021-12-01T07:16:09Z,,
f9994f3127ceef736c888d2c942385fb,,tree-preservation-order,,,,local-authority-eng:BRD,tree-preservation-order;tree,2021-12-01T07:16:09Z,,
2bd037d28698a44036ee74e1cff5f7da,,tree-preservation-order,,,,local-authority-eng:BRE,tree-preservation-order;tree,2021-12-01T07:16:09Z,,
3eb00fdd3ece244e9444aba019c6b423,,tree-preservation-order,,,,local-authority-eng:BRM,tree-preservation-order;tree,2021-12-01T07:16:09Z,,
107c93e0ef7b217332dc8232da632041,,tree-preservation-order,,,,local-authority-eng:BRO,tree-preservation-order;tree,2021-12-01T07:16:09Z,,
40a3d7adb7ad49e32428e22d4b5fa697,,tree-preservation-order,,,,local-authority-eng:BRT,tree-preservation-order;tree,2021-12-01T07:16:09Z,,
9b5861a77781c88509d096ea9e04754c,,tree-preservation-order,,,,local-authority-eng:BRW,tree-preservation-order;tree,2021-12-01T07:16:09Z,,
0d3c25be3d73c8100809ce7834e6b54e,,tree-preservation-order,,,,local-authority-eng:BRX,tree-preservation-order;tree,2021-12-01T07:16:09Z,,
27862e34526343a69bd105eead3b9c31,,tree-preservation-order,,,,local-authority-eng:BRY,tree-preservation-order;tree,2021-12-01T07:16:09Z,,
c98f65f911cd1be0181bb5c4723e63cf,,tree-preservation-order,,,,local-authority-eng:BST,tree-preservation-order;tree,2021-12-01T07:16:09Z,,
d4ebfad6af1c825c13cb4155e2ca9cdf,,tree-preservation-order,,,,local-authority-eng:BUN,tree-preservation-order;tree,2021-12-01T07:16:09Z,,
664e319bffcd9c165e0d110da3344a56,,tree-preservation-order,,,,local-authority-eng:BUR,tree-preservation-order;tree,2021-12-01T07:16:09Z,,
1585fa14a73c6610c2be5d5def7fd4ed,,tree-preservation-order,,,,local-authority-eng:CAB,tree-preservation-order;tree,2021-12-01T07:16:09Z,,
007a160a3e49a006d8f149b14f836964,,tree-preservation-order,,,,local-authority-eng:CAN,tree-preservation-order;tree,2021-12-01T07:16:09Z,,
6d65c761ad3a99a7bc74766bf85af4ca,,tree-preservation-order,,,,local-authority-eng:CAR,tree-preservation-order;tree,2021-12-01T07:16:09Z,,
2b4bc448e0de1ad09ed85b918b17725d,,tree-preservation-order,,,,local-authority-eng:CAS,tree-preservation-order;tree,2021-12-01T07:16:09Z,,
7953769d2737a24f48079164f14ddb31,,tree-preservation-order,,,,local-authority-eng:CBF,tree-preservation-order;tree,2021-12-01T07:16:09Z,,
fe840b15e612acb5eab794ec85c861b0,,tree-preservation-order,,,,local-authority-eng:CHA,tree-preservation-order;tree,2021-12-01T07:16:09Z,,
335ed887ae7426a65dc7e2dfb459de8c,,tree-preservation-order,,,,local-authority-eng:CHC,tree-preservation-order;tree,2021-12-01T07:16:09Z,,2019-03-31
dcb4441cf340a54cadcf9fda5395e73a,,tree-preservation-order,,,,local-authority-eng:CHE,tree-preservation-order;tree,2021-12-01T07:16:09Z,,
77dfb5b22f60958a7391a0283ac557fc,,tree-preservation-order,,,,local-authority-eng:CHI,tree-preservation-order;tree,2021-12-01T07:16:09Z,,
c8a6d0b74295f11d3450367952d87f75,,tree-preservation-order,,,,local-authority-eng:CHL,tree-preservation-order;tree,2021-12-01T07:16:09Z,,
35a3405b6f97b7ac9591dbd7c6ad2f5e,,tree-preservation-order,,,,local-authority-eng:CHN,tree-preservation-order;tree,2021-12-01T07:16:09Z,,2020-03-31
3868e52cdf57721c6dece9ab5f902649,,tree-preservation-order,,,,local-authority-eng:CHO,tree-preservation-order;tree,2021-12-01T07:16:09Z,,
b71163b535c9d7d3f41168c5e8cca3d7,,tree-preservation-order,,,,local-authority-eng:CHR,tree-preservation-order;tree,2021-12-01T07:16:09Z,,
abd5e5446d34f97ac3f39b305c718fdf,,tree-preservation-order,,,,local-authority-eng:CHS,tree-preservation-order;tree,2021-12-01T07:16:09Z,,
e42ee27f7ffeb3c0f4d3f5344a546ad6,,tree-preservation-order,,,,local-authority-eng:CHT,tree-preservation-order;tree,2021-12-01T07:16:09Z,,
d2e7dfee9daa4b2d2e0d1609abc1fdfe,,tree-preservation-order,,,,local-authority-eng:CHW,tree-preservation-order;tree,2021-12-01T07:16:09Z,,
049283d9ed802492decb03fbba290d26,,tree-preservation-order,,,,local-authority-eng:CLD,tree-preservation-order;tree,2021-12-01T07:16:09Z,,
44c48126ee9b274d8ca8f474a1a7048e,,tree-preservation-order,,,,local-authority-eng:CMD,tree-preservation-order;tree,2021-12-01T07:16:09Z,,
1269e116cf6608503e1560fa38856dfb,,tree-preservation-order,,,,local-authority-eng:COL,tree-preservation-order;tree,2021-12-01T07:16:09Z,,
1ef055a2390ceeb382aef1ce8155ac4d,,tree-preservation-order,,,,local-authority-eng:CON,tree-preservation-order;tree,2021-12-01T07:16:09Z,,
c2b7a03a5d800e3a82f998634d9a863e,,tree-preservation-order,,,,local-authority-eng:COP,tree-preservation-order;tree,2021-12-01T07:16:09Z,,
f5e27819b82768d68cb86dab01a98f8e,,tree-preservation-order,,,,local-authority-eng:COR,tree-preservation-order;tree,2021-12-01T07:16:09Z,,
61ef45132a896185e5052b890b05a554,,tree-preservation-order,,,,local-authority-eng:COT,tree-preservation-order;tree,2021-12-01T07:16:09Z,,
1aced46b7784f9f58b7f98aeeef468e1,,tree-preservation-order,,,,local-authority-eng:COV,tree-preservation-order;tree,2021-12-01T07:16:09Z,,
796f7f85e0a02beac3381c5eb0c34956,,tree-preservation-order,,,,local-authority-eng:CRA,tree-preservation-order;tree,2021-12-01T07:16:09Z,,
37ff1443c1351822dfda2320de90bec9,,tree-preservation-order,,,,local-authority-eng:CRW,tree-preservation-order;tree,2021-12-01T07:16:09Z,,
510c43f1ddf77dc68a1671ae58735e5e,,tree-preservation-order,,,,local-authority-eng:CRY,tree-preservation-order;tree,2021-12-01T07:16:09Z,,
b1f0e4f0497d7c5c95b21f0c93097a9a,,tree-preservation-order,,,,local-authority-eng:DAC,tree-preservation-order;tree,2021-12-01T07:16:09Z,,
b078ce1364ef8460b3b85f90e31dccf1,,tree-preservation-order,,,,local-authority-eng:DAL,tree-preservation-order;tree,2021-12-01T07:16:09Z,,
0ee5c3c9e45c11377cada48d7e05c0f6,,tree-preservation-order,,,,local-authority-eng:DAR,tree-preservation-order;tree,2021-12-01T07:16:09Z,,
4cc6294d8378f86e9b86d887c49ff880,,tree-preservation-order,,,,local-authority-eng:DAV,tree-preservation-order;tree,2021-12-01T07:16:09Z,,
f5a76e4375159d666c09b89c384c1132,,tree-preservation-order,,,,local-authority-eng:DEB,tree-preservation-order;tree,2021-12-01T07:16:09Z,,
253a69356e50a1526dbd77b8fa582fec,,tree-preservation-order,,,,local-authority-eng:DER,tree-preservation-order;tree,2021-12-01T07:16:09Z,,
14ba4838c4d308f954b2c27ed033e347,,tree-preservation-order,,,,local-authority-eng:DNC,tree-preservation-order;tree,2021-12-01T07:16:09Z,,
d3867bbe2660159548f485e3f769da41,,tree-preservation-order,,,,local-authority-eng:DOV,tree-preservation-order;tree,2021-12-01T07:16:09Z,,
373502e78a3025558097fd91eafcd54d,,tree-preservation-order,,,,local-authority-eng:DST,tree-preservation-order;tree,2021-12-01T07:16:09Z,,
609986c6edd5c05da8dea42f6922daaf,,tree-preservation-order,,,,local-authority-eng:DUD,tree-preservation-order;tree,2021-12-01T07:16:09Z,,
73a427eaba2029ccbf31d8a45995028e,,tree-preservation-order,,,,local-authority-eng:DUR,tree-preservation-order;tree,2021-12-01T07:16:09Z,,
d6badeb6ebd2e678b376f722259d3f6d,,tree-preservation-order,,,,local-authority-eng:EAL,tree-preservation-order;tree,2021-12-01T07:16:09Z,,
10cebb94b980bf48ffb80bf5794176d2,,tree-preservation-order,,,,local-authority-eng:EAS,tree-preservation-order;tree,2021-12-01T07:16:09Z,,
bc0048a826db5e033fd7c61350f52046,,tree-preservation-order,,,,local-authority-eng:EAT,tree-preservation-order;tree,2021-12-01T07:16:09Z,,
8dbbab95d0230ba7bde5a780272f1d9d,,tree-preservation-order,,,,local-authority-eng:ECA,tree-preservation-order;tree,2021-12-01T07:16:09Z,,
d8792dc92d03bea408ed534f5eca48d4,,tree-preservation-order,,,,local-authority-eng:EDE,tree-preservation-order;tree,2021-12-01T07:16:09Z,,
ec96bf8244a9461fd04b5855cee0f83a,,tree-preservation-order,,,,local-authority-eng:EDN,tree-preservation-order;tree,2021-12-01T07:16:09Z,,
93673df110965b33d9149af7693d32c5,,tree-preservation-order,,,,local-authority-eng:EDO,tree-preservation-order;tree,2021-12-01T07:16:09Z,,2019-03-31
229fd8612e3fd2b0fad11fed828eaba6,,tree-preservation-order,,,,local-authority-eng:EHA,tree-preservation-order;tree,2021-12-01T07:16:09Z,,
c4f680a43508c0c78dd786f2cfe1e9c5,,tree-preservation-order,,,,local-authority-eng:EHE,tree-preservation-order;tree,2021-12-01T07:16:09Z,,
fe6d2617d280e0139f1f2d658cba245d,,tree-preservation-order,,,,local-authority-eng:ELI,tree-preservation-order;tree,2021-12-01T07:16:09Z,,
63e33e33b86b500e091cb4ea92001227,,tree-preservation-order,,,,local-authority-eng:ELM,tree-preservation-order;tree,2021-12-01T07:16:09Z,,
88af46b8a140230100228616c4663027,,tree-preservation-order,,,,local-authority-eng:ENF,tree-preservation-order;tree,2021-12-01T07:16:09Z,,
f78f96dc6250bca32ef457df2e783da2,,tree-preservation-order,,,,local-authority-eng:ENO,tree-preservation-order;tree,2021-12-01T07:16:09Z,,
a2ca5bb73752fe60ced8cfe42e9af20c,,tree-preservation-order,,,,local-authority-eng:EPP,tree-preservation-order;tree,2021-12-01T07:16:09Z,,
c0a9649e7931c110b91815820ae4d766,,tree-preservation-order,,,,local-authority-eng:EPS,tree-preservation-order;tree,2021-12-01T07:16:09Z,,
4c37c5565abbb868c4cf442fa34e2e76,,tree-preservation-order,,,,local-authority-eng:ERE,tree-preservation-order;tree,2021-12-01T07:16:09Z,,
95271ee610840d62b37e25f3ea241404,,tree-preservation-order,,,,local-authority-eng:ERY,tree-preservation-order;tree,2021-12-01T07:16:09Z,,
047f27f0855a6c1c185a23fffb606bcb,,tree-preservation-order,,,,local-authority-eng:ESK,tree-preservation-order;tree,2021-12-01T07:16:09Z,,
ea0a5d2e87c569fbf71b148f3ebbe3fa,,tree-preservation-order,,,,local-authority-eng:EST,tree-preservation-order;tree,2021-12-01T07:16:09Z,,
467416e202b42146b427a9c7756c4b93,,tree-preservation-order,,,,local-authority-eng:EXE,tree-preservation-order;tree,2021-12-01T07:16:09Z,,
cad73ee4c4c93604fc1cb6e2ce40e810,,tree-preservation-order,,,,local-authority-eng:FAR,tree-preservation-order;tree,2021-12-01T07:16:09Z,,
47d3881a038ac7ac9f38c6140fb1a1bb,,tree-preservation-order,,,,local-authority-eng:FEN,tree-preservation-order;tree,2021-12-01T07:16:09Z,,
6f68e97bd3104c6627072514182f3055,,tree-preservation-order,,,,local-authority-eng:FOE,tree-preservation-order;tree,2021-12-01T07:16:09Z,,
66ffeaf171d9e4a1db55b5ae18d761bf,,tree-preservation-order,,,,local-authority-eng:FOR,tree-preservation-order;tree,2021-12-01T07:16:09Z,,2019-03-31
58dbe0fd3018e7d61bda999f5dc570b2,,tree-preservation-order,,,,local-authority-eng:FYL,tree-preservation-order;tree,2021-12-01T07:16:09Z,,
aeb724b2991dccbdb9e1b2568685a7d3,,tree-preservation-order,,,,local-authority-eng:GAT,tree-preservation-order;tree,2021-12-01T07:16:09Z,,
4f56ab235f5ce8bd180728d0c466e2e1,,tree-preservation-order,,,,local-authority-eng:GED,tree-preservation-order;tree,2021-12-01T07:16:09Z,,
18925b203cf03a7f8fd7c9f5e7a76d44,,tree-preservation-order,,,,local-authority-eng:GLA,tree-preservation-order;tree,2021-12-01T07:16:09Z,,
0ede0185f49f0cf615e92c572dd69c79,,tree-preservation-order,,,,local-authority-eng:GLO,tree-preservation-order;tree,2021-12-01T07:16:09Z,,
3dfc5cb56c99eb8afa0755889de8f755,,tree-preservation-order,,,,local-authority-eng:GOS,tree-preservation-order;tree,2021-12-01T07:16:09Z,,
02b1f0d52f35f5fe9d3b4cbec2962e3b,,tree-preservation-order,,,,local-authority-eng:GRA,tree-preservation-order;tree,2021-12-01T07:16:09Z,,
acc4827c1de24b824c8816e45851719e,,tree-preservation-order,,,,local-authority-eng:GRE,tree-preservation-order;tree,2021-12-01T07:16:09Z,,
ddbb9e772d6c06ad3efece60fcbefd1f,,tree-preservation-order,,,,local-authority-eng:GRT,tree-preservation-order;tree,2021-12-01T07:16:09Z,,
825c684a2a9ef41df63405ffb76db8a9,,tree-preservation-order,,,,local-authority-eng:GRY,tree-preservation-order;tree,2021-12-01T07:16:09Z,,
4e7b154bf6bd167d430bad8cf6212744,,tree-preservation-order,,,,local-authority-eng:HAA,tree-preservation-order;tree,2021-12-01T07:16:09Z,,
e183e4050c44eaa6f4aa49991ec7b457,,tree-preservation-order,,,,local-authority-eng:HAE,tree-preservation-order;tree,2021-12-01T07:16:09Z,,
594844015d893eabdef256d766736e00,,tree-preservation-order,,,,local-authority-eng:HAG,tree-preservation-order;tree,2021-12-01T07:16:09Z,,
ecd3973973f4b6efde32e8690f892837,,tree-preservation-order,,,,local-authority-eng:HAL,tree-preservation-order;tree,2021-12-01T07:16:09Z,,
19959841603816f42f94f6a415979848,,tree-preservation-order,,,,local-authority-eng:HAO,tree-preservation-order;tree,2021-12-01T07:16:09Z,,
defed8a7d994b1fb67bffc8d1bb2ba0d,,tree-preservation-order,,,,local-authority-eng:HAR,tree-preservation-order;tree,2021-12-01T07:16:09Z,,
409b77d4e29a1d6d51dbe735662b410f,,tree-preservation-order,,,,local-authority-eng:HAS,tree-preservation-order;tree,2021-12-01T07:16:09Z,,
ac59927f0fd19fc37d06410094ef76aa,,tree-preservation-order,,,,local-authority-eng:HAT,tree-preservation-order;tree,2021-12-01T07:16:09Z,,
160b9cd9f69654e48b3c42fc48a2b45a,,tree-preservation-order,,,,local-authority-eng:HAV,tree-preservation-order;tree,2021-12-01T07:16:09Z,,
955c043f3e7b0ac096846dc10d4d7844,,tree-preservation-order,,,,local-authority-eng:HCK,tree-preservation-order;tree,2021-12-01T07:16:09Z,,
a4df10ad2921a9d24c66020f99ee751b,,tree-preservation-order,,,,local-authority-eng:HEF,tree-preservation-order;tree,2021-12-01T07:16:09Z,,
a7306421582cbec8a7c80b2ceb7d8b37,,tree-preservation-order,,,,local-authority-eng:HER,tree-preservation-order;tree,2021-12-01T07:16:09Z,,
aaa8f9d514e76c78af03256321752a4c,,tree-preservation-order,,,,local-authority-eng:HIG,tree-preservation-order;tree,2021-12-01T07:16:09Z,,
db824765bb08fe6e607e65f8975b11e3,,tree-preservation-order,,,,local-authority-eng:HIL,tree-preservation-order;tree,2021-12-01T07:16:09Z,,
0c164b0cfd1a6322457ab878ee832618,,tree-preservation-order,,,,local-authority-eng:HIN,tree-preservation-order;tree,2021-12-01T07:16:09Z,,
eddd20ed15c3d8ab32a276186b182af7,,tree-preservation-order,,,,local-authority-eng:HMF,tree-preservation-order;tree,2021-12-01T07:16:09Z,,
06530d7bc569f19d335cb82d434d5fb6,,tree-preservation-order,,,,local-authority-eng:HNS,tree-preservation-order;tree,2021-12-01T07:16:09Z,,
f56485511b4e604a123ca5e81612563a,,tree-preservation-order,,,,local-authority-eng:HOR,tree-preservation-order;tree,2021-12-01T07:16:09Z,,
560cc114355cfa06216cd601893d4022,,tree-preservation-order,,,,local-authority-eng:HPL,tree-preservation-order;tree,2021-12-01T07:16:09Z,,
747921520e55337dd79d699cae348f5e,,tree-preservation-order,,,,local-authority-eng:HRW,tree-preservation-order;tree,2021-12-01T07:16:09Z,,
788e9ac022491b4f7ceef2b5c11fee7f,,tree-preservation-order,,,,local-authority-eng:HRY,tree-preservation-order;tree,2021-12-01T07:16:09Z,,
0629391d0a66c8b916145ac04c70534b,,tree-preservation-order,,,,local-authority-eng:HUN,tree-preservation-order;tree,2021-12-01T07:16:09Z,,
bd3a3090b3a1a78c3ea10223a01b2ef6,,tree-preservation-order,,,,local-authority-eng:HYN,tree-preservation-order;tree,2021-12-01T07:16:09Z,,
d731632cf8ba9565ca0e92cfd979db07,,tree-preservation-order,,,,local-authority-eng:IOS,tree-preservation-order;tree,2021-12-01T07:16:09Z,,
d647d34fb08be79c902dfcf8b278e906,,tree-preservation-order,,,,local-authority-eng:IOW,tree-preservation-order;tree,2021-12-01T07:16:09Z,,
127ae9573274ab17b4c17ab0bf35cabc,,tree-preservation-order,,,,local-authority-eng:IPS,tree-preservation-order;tree,2021-12-01T07:16:09Z,,
816b0613db9e02fda2d300d7a378f721,,tree-preservation-order,,,,local-authority-eng:ISL,tree-preservation-order;tree,2021-12-01T07:16:09Z,,
2b1c457aa64c581773cc7a151d7d719c,,tree-preservation-order,,,,local-authority-eng:KEC,tree-preservation-order;tree,2021-12-01T07:16:09Z,,
da919c7aced4084e001ab6efb4e0a861,,tree-preservation-order,,,,local-authority-eng:KET,tree-preservation-order;tree,2021-12-01T07:16:09Z,,
fe50f0ecc1147131291a686c4c394889,,tree-preservation-order,,,,local-authority-eng:KHL,tree-preservation-order;tree,2021-12-01T07:16:09Z,,
587ac75cba800266b19bd2776018c20b,,tree-preservation-order,,,,local-authority-eng:KIN,tree-preservation-order;tree,2021-12-01T07:16:09Z,,
c5da8a390f882e77d537c34085e1681b,,tree-preservation-order,,,,local-authority-eng:KIR,tree-preservation-order;tree,2021-12-01T07:16:09Z,,
d94f5486aae0f3eb6599ddec630c9ee7,,tree-preservation-order,,,,local-authority-eng:KTT,tree-preservation-order;tree,2021-12-01T07:16:09Z,,
d93e7b03e30553ce09b8f3071802e010,,tree-preservation-order,,,,local-authority-eng:KWL,tree-preservation-order;tree,2021-12-01T07:16:09Z,,
1cf43e0e96a1aacebc85b42c62133ad0,,tree-preservation-order,,,,local-authority-eng:LAC,tree-preservation-order;tree,2021-12-01T07:16:09Z,,
9567e6f0c5299d217abf3a27594ec8fc,,tree-preservation-order,,,,local-authority-eng:LCE,tree-preservation-order;tree,2021-12-01T07:16:09Z,,
0c1655efe8df24c42070be65e0da6b6d,,tree-preservation-order,,,,local-authority-eng:LDS,tree-preservation-order;tree,2021-12-01T07:16:09Z,,
ca9b1b0740612d789e5b0cb9f9a52845,,tree-preservation-order,,,,local-authority-eng:LEE,tree-preservation-order;tree,2021-12-01T07:16:09Z,,
027f550b0c070a09988e86aa1795ce46,,tree-preservation-order,,,,local-authority-eng:LEW,tree-preservation-order;tree,2021-12-01T07:16:09Z,,
a254f842d99baabbae97cf26a92fdd5f,,tree-preservation-order,,,,local-authority-eng:LIC,tree-preservation-order;tree,2021-12-01T07:16:09Z,,
2e348fbde34027c939a352afacad69af,,tree-preservation-order,,,,local-authority-eng:LIF,tree-preservation-order;tree,2021-12-01T07:16:09Z,,
1b030026c33bfda49908f8ee9a6c5144,,tree-preservation-order,,,,local-authority-eng:LIV,tree-preservation-order;tree,2021-12-01T07:16:09Z,,
86176c7f58865938d260c5c75e3c55a8,,tree-preservation-order,,,,local-authority-eng:LND,tree-preservation-order;tree,2021-12-01T07:16:09Z,,
a139c5f79de66ef263596ff1448ebd4c,,tree-preservation-order,,,,local-authority-eng:LUT,tree-preservation-order;tree,2021-12-01T07:16:09Z,,
54cae95192b03aeb26bfae2e3b04c34e,,tree-preservation-order,,,,local-authority-eng:MAI,tree-preservation-order;tree,2021-12-01T07:16:09Z,,
a3b206a09ed2e803cfc3d13cf7a908bb,,tree-preservation-order,,,,local-authority-eng:MAL,tree-preservation-order;tree,2021-12-01T07:16:09Z,,
cd9d0b4fd54c8d366ed0126cb6b0f90d,,tree-preservation-order,,,,local-authority-eng:MAN,tree-preservation-order;tree,2021-12-01T07:16:09Z,,
4813e0196e729d5f695786d01e63f509,,tree-preservation-order,,,,local-authority-eng:MAS,tree-preservation-order;tree,2021-12-01T07:16:09Z,,
6e1a31c4c99f1f09b3cab6aa0cd7392d,,tree-preservation-order,,,,local-authority-eng:MAV,tree-preservation-order;tree,2021-12-01T07:16:09Z,,
153352b8a349eef20980ba7ef358fa7d,,tree-preservation-order,,,,local-authority-eng:MDB,tree-preservation-order;tree,2021-12-01T07:16:09Z,,
9c1f61bf385c2e636c0eb92fc1c55154,,tree-preservation-order,,,,local-authority-eng:MDE,tree-preservation-order;tree,2021-12-01T07:16:09Z,,
dc9d7acda97a7dc8b5622438565ec5bf,,tree-preservation-order,,,,local-authority-eng:MDW,tree-preservation-order;tree,2021-12-01T07:16:09Z,,
701b99891bc54b8204838f8ba690a023,,tree-preservation-order,,,,local-authority-eng:MEL,tree-preservation-order;tree,2021-12-01T07:16:09Z,,
a6685090858279d1a0c69063474b4990,,tree-preservation-order,,,,local-authority-eng:MEN,tree-preservation-order;tree,2021-12-01T07:16:09Z,,
f6d10dd857a987ad832e53f6ad8d4e7a,,tree-preservation-order,,,,local-authority-eng:MIK,tree-preservation-order;tree,2021-12-01T07:16:09Z,,
7ea698bf144a75fb76a88e1e9acb8809,,tree-preservation-order,,,,local-authority-eng:MOL,tree-preservation-order;tree,2021-12-01T07:16:09Z,,
c1df5711d990f68258c5e3232fc533c4,,tree-preservation-order,,,,local-authority-eng:MRT,tree-preservation-order;tree,2021-12-01T07:16:09Z,,
24567280a837a8bd6d4cb3f501b86607,,tree-preservation-order,,,,local-authority-eng:MSS,tree-preservation-order;tree,2021-12-01T07:16:09Z,,
0e8a359533cb1328b79f4b304201dfe3,,tree-preservation-order,,,,local-authority-eng:MSU,tree-preservation-order;tree,2021-12-01T07:16:09Z,,
2f9d2b618077d6d33cd2c69ebfa68665,,tree-preservation-order,,,,local-authority-eng:NBL,tree-preservation-order;tree,2021-12-01T07:16:09Z,,
fb5bb5b2d86407af3f233908c0382bf5,,tree-preservation-order,,,,local-authority-eng:NDE,tree-preservation-order;tree,2021-12-01T07:16:09Z,,
21198b6ed08a6649e464bf0d9943fe07,,tree-preservation-order,,,,local-authority-eng:NDO,tree-preservation-order;tree,2021-12-01T07:16:09Z,,2019-03-31
37f14878883cf58a524c3d41aeb280ab,,tree-preservation-order,,,,local-authority-eng:NEA,tree-preservation-order;tree,2021-12-01T07:16:09Z,,
b0d123dd29eca5b2cbdca99d9ab24dbd,,tree-preservation-order,,,,local-authority-eng:NEC,tree-preservation-order;tree,2021-12-01T07:16:09Z,,
5b86f5e6e496231723f71e496544e5ec,,tree-preservation-order,,,,local-authority-eng:NED,tree-preservation-order;tree,2021-12-01T07:16:09Z,,
061f452bd2dd2f201a01064e0bbdef57,,tree-preservation-order,,,,local-authority-eng:NEL,tree-preservation-order;tree,2021-12-01T07:16:09Z,,
5aae1707323b890581152ef46b59077e,,tree-preservation-order,,,,local-authority-eng:NET,tree-preservation-order;tree,2021-12-01T07:16:09Z,,
14adbc14c11c9d139872713d1494c001,,tree-preservation-order,,,,local-authority-eng:NEW,tree-preservation-order;tree,2021-12-01T07:16:09Z,,
1d8554a62b6bef223ce748216ab1682c,,tree-preservation-order,,,,local-authority-eng:NGM,tree-preservation-order;tree,2021-12-01T07:16:09Z,,
c3cbeeea2b5bc719ad96bcabb3fb6487,,tree-preservation-order,,,,local-authority-eng:NHE,tree-preservation-order;tree,2021-12-01T07:16:09Z,,
d4b306baf6d716da0c38a4f1a01ff4ef,,tree-preservation-order,,,,local-authority-eng:NKE,tree-preservation-order;tree,2021-12-01T07:16:09Z,,
c98b16b129220f4ee4ecd20321e25079,,tree-preservation-order,,,,local-authority-eng:NLN,tree-preservation-order;tree,2021-12-01T07:16:09Z,,
76327bfadfab85616b03c2342f30aa1a,,tree-preservation-order,,,,local-authority-eng:NNO,tree-preservation-order;tree,2021-12-01T07:16:09Z,,
4c93eabfa9ed0aeb06c324dbb669ede4,,tree-preservation-order,,,,local-authority-eng:NNUA,tree-preservation-order;tree,2021-12-01T07:16:09Z,,
3f3b3cd3a3ce02caf4fbcdb2108e407e,,tree-preservation-order,,,,local-authority-eng:NOR,tree-preservation-order;tree,2021-12-01T07:16:09Z,,
eeac9d7519b1c888fe43d9bcffa4fd2d,,tree-preservation-order,,,,local-authority-eng:NOW,tree-preservation-order;tree,2021-12-01T07:16:09Z,,
6e4bc1d7bda58c6f2f2ea6cffd397f77,,tree-preservation-order,,,,local-authority-eng:NSM,tree-preservation-order;tree,2021-12-01T07:16:09Z,,
394b9b363315480e77a28385c799ca4b,,tree-preservation-order,,,,local-authority-eng:NTY,tree-preservation-order;tree,2021-12-01T07:16:09Z,,
6797a109b517a585deb2f2e1d1fa28bf,,tree-preservation-order,,,,local-authority-eng:NUN,tree-preservation-order;tree,2021-12-01T07:16:09Z,,
449adeb1e27503beef17ccbea6d5222d,,tree-preservation-order,,,,local-authority-eng:NWA,tree-preservation-order;tree,2021-12-01T07:16:09Z,,
b9cccfc6c172e75504323591a9482f04,,tree-preservation-order,,,,local-authority-eng:NWL,tree-preservation-order;tree,2021-12-01T07:16:09Z,,
439dc055fb0b6e99e9d2cb675eb97d7f,,tree-preservation-order,,,,local-authority-eng:NWM,tree-preservation-order;tree,2021-12-01T07:16:09Z,,
8ea14b09a0ff3acd1a9a11998a125218,,tree-preservation-order,,,,local-authority-eng:OAD,tree-preservation-order;tree,2021-12-01T07:16:09Z,,
58e81c7fe198b264b210de1c435225d1,,tree-preservation-order,,,,local-authority-eng:OLD,tree-preservation-order;tree,2021-12-01T07:16:09Z,,
e7f485734ab65fc1e9161a5677538d0e,,tree-preservation-order,,,,local-authority-eng:OXO,tree-preservation-order;tree,2021-12-01T07:16:09Z,,
a163a3b8558c61353c3388d9aa903fdf,,tree-preservation-order,,,,local-authority-eng:PEN,tree-preservation-order;tree,2021-12-01T07:16:09Z,,
75cf043a959c7fae0bce3a18e032a827,,tree-preservation-order,,,,local-authority-eng:PLY,tree-preservation-order;tree,2021-12-01T07:16:09Z,,
e786b5894982a1d03954f211e51a1507,,tree-preservation-order,,,,local-authority-eng:POL,tree-preservation-order;tree,2021-12-01T07:16:09Z,,2019-03-31
b199ce5eb3f1523a5a7df41d0c504fdf,,tree-preservation-order,,,,local-authority-eng:POR,tree-preservation-order;tree,2021-12-01T07:16:09Z,,
cf4f66d58d4ab96d24622c60a2c5fc17,,tree-preservation-order,,,,local-authority-eng:PRE,tree-preservation-order;tree,2021-12-01T07:16:09Z,,
a392b1c82ba2157aef681d42c4350c40,,tree-preservation-order,,,,local-authority-eng:PTE,tree-preservation-order;tree,2021-12-01T07:16:09Z,,
cd56b599e564ceee2ce722a020bf801f,,tree-preservation-order,,,,local-authority-eng:PUR,tree-preservation-order;tree,2021-12-01T07:16:09Z,,2019-03-31
d8cd3b12b99fb2c533755caf6ae97a89,,tree-preservation-order,,,,local-authority-eng:RCC,tree-preservation-order;tree,2021-12-01T07:16:09Z,,
2e12b9957ffa2a365d6bc24b4e612ada,,tree-preservation-order,,,,local-authority-eng:RCH,tree-preservation-order;tree,2021-12-01T07:16:09Z,,
058fa8108c26df68753a60ef6e0c8db9,,tree-preservation-order,,,,local-authority-eng:RDB,tree-preservation-order;tree,2021-12-01T07:16:09Z,,
60789b99cee0583d529a47043f88f960,,tree-preservation-order,,,,local-authority-eng:RDG,tree-preservation-order;tree,2021-12-01T07:16:09Z,,
c0e27c5a9bcfb655715c817a4088e3c2,,tree-preservation-order,,,,local-authority-eng:RED,tree-preservation-order;tree,2021-12-01T07:16:09Z,,
9c0d8acc1b8a9d7a9de406844aaf621b,,tree-preservation-order,,,,local-authority-eng:REI,tree-preservation-order;tree,2021-12-01T07:16:09Z,,
44114b72e987aca992ca200bfc0f1303,,tree-preservation-order,,,,local-authority-eng:RIB,tree-preservation-order;tree,2021-12-01T07:16:09Z,,
8b70872072bcd96ef879928d6004c18b,,tree-preservation-order,,,,local-authority-eng:RIC,tree-preservation-order;tree,2021-12-01T07:16:09Z,,
f3f191cd88835d6bdcda860577b4f790,,tree-preservation-order,,,,local-authority-eng:RIH,tree-preservation-order;tree,2021-12-01T07:16:09Z,,
c8fc82a684bf7af5eddc8d7661ec6732,,tree-preservation-order,,,,local-authority-eng:ROC,tree-preservation-order;tree,2021-12-01T07:16:09Z,,
46a3fbda2d30e7fb832eb854de6676f4,,tree-preservation-order,,,,local-authority-eng:ROH,tree-preservation-order;tree,2021-12-01T07:16:09Z,,
c0f19656bfd631748c937e90bb83080f,,tree-preservation-order,,,,local-authority-eng:ROS,tree-preservation-order;tree,2021-12-01T07:16:09Z,,
b4be76617bbdcaa4aa7f6d0fcbfb11a6,,tree-preservation-order,,,,local-authority-eng:ROT,tree-preservation-order;tree,2021-12-01T07:16:09Z,,
58d17ebf3a15431c93ef70bb81277294,,tree-preservation-order,,,,local-authority-eng:RUG,tree-preservation-order;tree,2021-12-01T07:16:09Z,,
62118ed9d1b0d71d51d4a10ee71731cb,,tree-preservation-order,,,,local-authority-eng:RUH,tree-preservation-order;tree,2021-12-01T07:16:09Z,,
c53601a7d9c932cbe1265d9104a3674b,,tree-preservation-order,,,,local-authority-eng:RUN,tree-preservation-order;tree,2021-12-01T07:16:09Z,,
6e55ece58a6b9077f9080c64615231a5,,tree-preservation-order,,,,local-authority-eng:RUS,tree-preservation-order;tree,2021-12-01T07:16:09Z,,
bc1d465fef3de5d38f363ec5dec40aa0,,tree-preservation-order,,,,local-authority-eng:RUT,tree-preservation-order;tree,2021-12-01T07:16:09Z,,
ef3393fef5f2d17c99806c3d48b11c20,,tree-preservation-order,,,,local-authority-eng:RYE,tree-preservation-order;tree,2021-12-01T07:16:09Z,,
b4805f34eeac2350b78928c0043bdbf6,,tree-preservation-order,,,,local-authority-eng:SAL,tree-preservation-order;tree,2021-12-01T07:16:09Z,,
b666ef18de99de5f0078a7a941889062,,tree-preservation-order,,,,local-authority-eng:SAW,tree-preservation-order;tree,2021-12-01T07:16:09Z,,
ed2cee76b8e97b3969bd97efe42c412f,,tree-preservation-order,,,,local-authority-eng:SBU,tree-preservation-order;tree,2021-12-01T07:16:09Z,,2020-03-31
ad3c894f1e292efc0ff84443471f9dde,,tree-preservation-order,,,,local-authority-eng:SCA,tree-preservation-order;tree,2021-12-01T07:16:09Z,,
a42b9b45b56ffa8b7e0063513e14d401,,tree-preservation-order,,,,local-authority-eng:SCE,tree-preservation-order;tree,2021-12-01T07:16:09Z,,
376d5cd3a60bd251f8fbd8500b2f83b2,,tree-preservation-order,,,,local-authority-eng:SDE,tree-preservation-order;tree,2021-12-01T07:16:09Z,,
af40b940f8e4800a4d4d0a84e62999e2,,tree-preservation-order,,,,local-authority-eng:SED,tree-preservation-order;tree,2021-12-01T07:16:09Z,,2019-03-31
760072dabce7677200b964a09711441d,,tree-preservation-order,,,,local-authority-eng:SEG,tree-preservation-order;tree,2021-12-01T07:16:09Z,,
277a62e2f278ec26fcdaf342324768e2,,tree-preservation-order,,,,local-authority-eng:SEL,tree-preservation-order;tree,2021-12-01T07:16:09Z,,
7f3330aa164e29e18be6b7521a3e9cae,,tree-preservation-order,,,,local-authority-eng:SEV,tree-preservation-order;tree,2021-12-01T07:16:09Z,,
e0b9f0f0af7bde1a44579789d0410af8,,tree-preservation-order,,,,local-authority-eng:SFT,tree-preservation-order;tree,2021-12-01T07:16:09Z,,
42c97ca4b7ccf4ff3c9983e1a126c8de,,tree-preservation-order,,,,local-authority-eng:SGC,tree-preservation-order;tree,2021-12-01T07:16:09Z,,
6e153ea4ba3f3a37c8d569b2e8bae24e,,tree-preservation-order,,,,local-authority-eng:SHA,tree-preservation-order;tree,2021-12-01T07:16:09Z,,
58dcff2445d0e6570039570d501be6ab,,tree-preservation-order,,,,local-authority-eng:SHE,tree-preservation-order;tree,2021-12-01T07:16:09Z,,
691b577b7822a6c90215e03295964776,,tree-preservation-order,,,,local-authority-eng:SHF,tree-preservation-order;tree,2021-12-01T07:16:09Z,,
48dbbc22b79620e0a84ff021913aaa23,,tree-preservation-order,,,,local-authority-eng:SHN,tree-preservation-order;tree,2021-12-01T07:16:09Z,,
07c6ea575f2a05567552845ec6f9c0c6,,tree-preservation-order,,,,local-authority-eng:SHO,tree-preservation-order;tree,2021-12-01T07:16:09Z,,
8e86476d0975a4318dbbcb95ce670f49,,tree-preservation-order,,,,local-authority-eng:SHR,tree-preservation-order;tree,2021-12-01T07:16:09Z,,
37d658deda18f0b04ab973d6717f901c,,tree-preservation-order,,,,local-authority-eng:SKE,tree-preservation-order;tree,2021-12-01T07:16:09Z,,
3e1b47438d683ee8ec625913f3a1dc0a,,tree-preservation-order,,,,local-authority-eng:SKP,tree-preservation-order;tree,2021-12-01T07:16:09Z,,
d4776f45d86940f2ebcb4237bf4e1181,,tree-preservation-order,,,,local-authority-eng:SLA,tree-preservation-order;tree,2021-12-01T07:16:09Z,,
bb6bcad1555c5e9e1e2f774b1a6835a2,,tree-preservation-order,,,,local-authority-eng:SLF,tree-preservation-order;tree,2021-12-01T07:16:09Z,,
f5f26d656158d7805f6dcc3b1bf8f1c7,,tree-preservation-order,,,,local-authority-eng:SLG,tree-preservation-order;tree,2021-12-01T07:16:09Z,,
8f706928ad5b011a6b7268d4c2285a98,,tree-preservation-order,,,,local-authority-eng:SND,tree-preservation-order;tree,2021-12-01T07:16:09Z,,
64ea3a1c5c702923d1a4d65f99b0abf1,,tree-preservation-order,,,,local-authority-eng:SNO,tree-preservation-order;tree,2021-12-01T07:16:09Z,,
ced7ddb52c9d13bf72287da27a1c92ab,,tree-preservation-order,,,,local-authority-eng:SNR,tree-preservation-order;tree,2021-12-01T07:16:09Z,,
081bfbafc30f31c09e413a51c441b1b2,,tree-preservation-order,,,,local-authority-eng:SOL,tree-preservation-order;tree,2021-12-01T07:16:09Z,,
d0ad03b15bd51ac8186fc9bb0a6823b1,,tree-preservation-order,,,,local-authority-eng:SOS,tree-preservation-order;tree,2021-12-01T07:16:09Z,,
092368f77d9fe491e5372f6a0fb36327,,tree-preservation-order,,,,local-authority-eng:SOX,tree-preservation-order;tree,2021-12-01T07:16:09Z,,
0d358305c081807939fffbc71949ad2e,,tree-preservation-order,,,,local-authority-eng:SPE,tree-preservation-order;tree,2021-12-01T07:16:09Z,,
1020ed2b9823bfd6d62ff99043fbb00f,,tree-preservation-order,,,,local-authority-eng:SRI,tree-preservation-order;tree,2021-12-01T07:16:09Z,,
20b10c5d35b8b281b2e3bd793021cbba,,tree-preservation-order,,,,local-authority-eng:SSO,tree-preservation-order;tree,2021-12-01T07:16:09Z,,
6ff44f7abb79eda114fe6397beeb88f0,,tree-preservation-order,,,,local-authority-eng:SST,tree-preservation-order;tree,2021-12-01T07:16:09Z,,
bbbdc70e5cfa457e718606227b8f5d70,,tree-preservation-order,,,,local-authority-eng:STA,tree-preservation-order;tree,2021-12-01T07:16:09Z,,
72f745698c46c01ecefbdd896acfc95f,,tree-preservation-order,,,,local-authority-eng:STE,tree-preservation-order;tree,2021-12-01T07:16:09Z,,
aa98d3d4a579ab6946b855f70883013d,,tree-preservation-order,,,,local-authority-eng:STF,tree-preservation-order;tree,2021-12-01T07:16:09Z,,
eb74d46fdb32d3df08082c94bcc20d35,,tree-preservation-order,,,,local-authority-eng:STH,tree-preservation-order;tree,2021-12-01T07:16:09Z,,
8049c7a926e9274b6a1a5444ad11e8ff,,tree-preservation-order,,,,local-authority-eng:STN,tree-preservation-order;tree,2021-12-01T07:16:09Z,,
b7c896cb0d80aa4976ac6b5b9e240d7e,,tree-preservation-order,,,,local-authority-eng:STO,tree-preservation-order;tree,2021-12-01T07:16:09Z,,
c8c5a3870fe767363b2739a2ce842b20,,tree-preservation-order,,,,local-authority-eng:STR,tree-preservation-order;tree,2021-12-01T07:16:09Z,,
a81e6d916a4d42c2be4387517ce151a3,,tree-preservation-order,,,,local-authority-eng:STT,tree-preservation-order;tree,2021-12-01T07:16:09Z,,
b0004f17287ca34309d2b996564cee9a,,tree-preservation-order,,,,local-authority-eng:STV,tree-preservation-order;tree,2021-12-01T07:16:09Z,,
ea13703fb79986edb5a066cde04c6f75,,tree-preservation-order,,,,local-authority-eng:STY,tree-preservation-order;tree,2021-12-01T07:16:09Z,,
60ce2c73cdab1dce4571cf5c1088aacd,,tree-preservation-order,,,,local-authority-eng:SUF,tree-preservation-order;tree,2021-12-01T07:16:09Z,,2019-03-31
92df6091959e68920edf734e1dd70586,,tree-preservation-order,,,,local-authority-eng:SUR,tree-preservation-order;tree,2021-12-01T07:16:09Z,,
48f494d857f9d1230831369621f249e7,,tree-preservation-order,,,,local-authority-eng:SWD,tree-preservation-order;tree,2021-12-01T07:16:09Z,,
8f6c0d6a1fcec9afda1602592c731eb3,,tree-preservation-order,,,,local-authority-eng:SWL,tree-preservation-order;tree,2021-12-01T07:16:09Z,,
3d4bb19a796b50926bb8412f7735d708,,tree-preservation-order,,,,local-authority-eng:SWT,tree-preservation-order;tree,2021-12-01T07:16:09Z,,
80b4d1cb5f5556b72e11a4e0988dd2f4,,tree-preservation-order,,,,local-authority-eng:TAM,tree-preservation-order;tree,2021-12-01T07:16:09Z,,
b8a59c584e114b2e1d8581550113ee02,,tree-preservation-order,,,,local-authority-eng:TAN,tree-preservation-order;tree,2021-12-01T07:16:09Z,,
6a43babafd22e48726cb22c73e0f8b8f,,tree-preservation-order,,,,local-authority-eng:TAU,tree-preservation-order;tree,2021-12-01T07:16:09Z,,2019-03-31
2de808f35195d0a94ca95e585eb00dca,,tree-preservation-order,,,,local-authority-eng:TAW,tree-preservation-order;tree,2021-12-01T07:16:09Z,,
3c3f9c1121d95e96c1515e361d3ab2fd,,tree-preservation-order,,,,local-authority-eng:TEI,tree-preservation-order;tree,2021-12-01T07:16:09Z,,
14701aef14248236d34ac8891868f542,,tree-preservation-order,,,,local-authority-eng:TEN,tree-preservation-order;tree,2021-12-01T07:16:09Z,,
d50e098fc4ca27ca8fde1b7274a20532,,tree-preservation-order,,,,local-authority-eng:TES,tree-preservation-order;tree,2021-12-01T07:16:09Z,,
7faca47302259369e2cf948581d77214,,tree-preservation-order,,,,local-authority-eng:TEW,tree-preservation-order;tree,2021-12-01T07:16:09Z,,
4843de6810ea2c0d719a8b4ca9571240,,tree-preservation-order,,,,local-authority-eng:TFW,tree-preservation-order;tree,2021-12-01T07:16:09Z,,
b34c2a31b4632092e6287929a91f0a18,,tree-preservation-order,,,,local-authority-eng:THA,tree-preservation-order;tree,2021-12-01T07:16:09Z,,
4e5c9e22f81dd9764735ea3020adcb7b,,tree-preservation-order,,,,local-authority-eng:THE,tree-preservation-order;tree,2021-12-01T07:16:09Z,,
87994c7baa5592d7d7da975f4da82663,,tree-preservation-order,,,,local-authority-eng:THR,tree-preservation-order;tree,2021-12-01T07:16:09Z,,
8edc32ac03e8a57898a3b1fae83eae29,,tree-preservation-order,,,,local-authority-eng:TOB,tree-preservation-order;tree,2021-12-01T07:16:09Z,,
bd455358b3e91ff43088af8b34fd089f,,tree-preservation-order,,,,local-authority-eng:TON,tree-preservation-order;tree,2021-12-01T07:16:09Z,,
16f92254360056a9569f224f271687ac,,tree-preservation-order,,,,local-authority-eng:TOR,tree-preservation-order;tree,2021-12-01T07:16:09Z,,
92dd2d02fa42d6df385fe811d1ade08d,,tree-preservation-order,,,,local-authority-eng:TRF,tree-preservation-order;tree,2021-12-01T07:16:09Z,,
0a2b9bddeb1d8fcd66a4078d97cbd06d,,tree-preservation-order,,,,local-authority-eng:TUN,tree-preservation-order;tree,2021-12-01T07:16:09Z,,
21674fb17e6b5a363cefabc58d7fb5f4,,tree-preservation-order,,,,local-authority-eng:TWH,tree-preservation-order;tree,2021-12-01T07:16:09Z,,
7cf36009cc12e0c9db559dcc72353416,,tree-preservation-order,,,,local-authority-eng:UTT,tree-preservation-order;tree,2021-12-01T07:16:09Z,,
125715b4686986fb5493206e4398c6eb,,tree-preservation-order,,,,local-authority-eng:VAL,tree-preservation-order;tree,2021-12-01T07:16:09Z,,
c0c442fb069e478f0dbb315455faa070,,tree-preservation-order,,,,local-authority-eng:WAE,tree-preservation-order;tree,2021-12-01T07:16:09Z,,
8176f02f56aec9bf6ea5280b4d463eca,,tree-preservation-order,,,,local-authority-eng:WAT,tree-preservation-order;tree,2021-12-01T07:16:09Z,,
b14078884ab4ab35efa841e9fd0623ec,,tree-preservation-order,,,,local-authority-eng:WAV,tree-preservation-order;tree,2021-12-01T07:16:09Z,,2019-03-31
65a3681cd7cfaef0b39911669476f06f,,tree-preservation-order,,,,local-authority-eng:WAW,tree-preservation-order;tree,2021-12-01T07:16:09Z,,
4c52a038411101744512933e21f046fc,,tree-preservation-order,,,,local-authority-eng:WBK,tree-preservation-order;tree,2021-12-01T07:16:09Z,,
78910bb46295c488d89de2b6d4de8622,,tree-preservation-order,,,,local-authority-eng:WDE,tree-preservation-order;tree,2021-12-01T07:16:09Z,,
15d4e39adeaf7a4ee319484adc99d310,,tree-preservation-order,,,,local-authority-eng:WDO,tree-preservation-order;tree,2021-12-01T07:16:09Z,,2019-03-31
e80f7a15af821f86ab263530a51b8d29,,tree-preservation-order,,,,local-authority-eng:WEA,tree-preservation-order;tree,2021-12-01T07:16:09Z,,
6360c59782866a24a6944c2cf1e4b773,,tree-preservation-order,,,,local-authority-eng:WEL,tree-preservation-order;tree,2021-12-01T07:16:09Z,,
47be4530361d2fb64e952ae0d5d10255,,tree-preservation-order,,,,local-authority-eng:WEW,tree-preservation-order;tree,2021-12-01T07:16:09Z,,
b95a702932eece0884c1fba16b766832,,tree-preservation-order,,,,local-authority-eng:WEY,tree-preservation-order;tree,2021-12-01T07:16:09Z,,2019-03-31
89a31a60ae7de216884924430979bf59,,tree-preservation-order,,,,local-authority-eng:WFT,tree-preservation-order;tree,2021-12-01T07:16:09Z,,
fd96634992e8ec80be755945dfb2a6a9,,tree-preservation-order,,,,local-authority-eng:WGN,tree-preservation-order;tree,2021-12-01T07:16:09Z,,
222d260faf44e149b6e2259f6e60a794,,tree-preservation-order,,,,local-authority-eng:WIL,tree-preservation-order;tree,2021-12-01T07:16:09Z,,
816d74099c67fc6e37f0289a5d86ec67,,tree-preservation-order,,,,local-authority-eng:WIN,tree-preservation-order;tree,2021-12-01T07:16:09Z,,
28992e8b35193f92a52519e74c8e36cf,,tree-preservation-order,,,,local-authority-eng:WKF,tree-preservation-order;tree,2021-12-01T07:16:09Z,,
dc2d4fb7f79a446b1a1d11c990546637,,tree-preservation-order,,,,local-authority-eng:WLA,tree-preservation-order;tree,2021-12-01T07:16:09Z,,
7c9c3c7c2972587b80569da9508ce538,,tree-preservation-order,,,,local-authority-eng:WLI,tree-preservation-order;tree,2021-12-01T07:16:09Z,,
2b997a595ec1045f826e4a4e9404c8b1,,tree-preservation-order,,,,local-authority-eng:WLL,tree-preservation-order;tree,2021-12-01T07:16:09Z,,
51c8bee0eb498eea7311b9411f9e8a8a,,tree-preservation-order,,,,local-authority-eng:WLV,tree-preservation-order;tree,2021-12-01T07:16:09Z,,
12c16451ce0d2772aaca31488e1386df,,tree-preservation-order,,,,local-authority-eng:WND,tree-preservation-order;tree,2021-12-01T07:16:09Z,,
fdf9685fa9064b42e2269383d029574b,,tree-preservation-order,,,,local-authority-eng:WNM,tree-preservation-order;tree,2021-12-01T07:16:09Z,,
7ac9248c3c68c21302b0b2b06f88341a,,tree-preservation-order,,,,local-authority-eng:WNUA,tree-preservation-order;tree,2021-12-01T07:16:09Z,,
5f8c3152ab98435df4c82a0d111840de,,tree-preservation-order,,,,local-authority-eng:WOC,tree-preservation-order;tree,2021-12-01T07:16:09Z,,
7bd225891d567b1fb199ffb38244535e,,tree-preservation-order,,,,local-authority-eng:WOI,tree-preservation-order;tree,2021-12-01T07:16:09Z,,
72a0f03d90ee0e56ea2966929dfc8bae,,tree-preservation-order,,,,local-authority-eng:WOK,tree-preservation-order;tree,2021-12-01T07:16:09Z,,
8a742d69e324321bad6e0785f80848bf,,tree-preservation-order,,,,local-authority-eng:WOT,tree-preservation-order;tree,2021-12-01T07:16:09Z,,
ce75c96aea8ba93919bb7fe3b3199cfa,,tree-preservation-order,,,,local-authority-eng:WOX,tree-preservation-order;tree,2021-12-01T07:16:09Z,,
0ecfe4729bc51c75a0864f12302e8517,,tree-preservation-order,,,,local-authority-eng:WRL,tree-preservation-order;tree,2021-12-01T07:16:09Z,,
5e24cfc8b06b0c6ef760b31be1b0d911,,tree-preservation-order,,,,local-authority-eng:WRT,tree-preservation-order;tree,2021-12-01T07:16:09Z,,
a0d4ce33d347bcc1e467a689f24ed2b4,,tree-preservation-order,,,,local-authority-eng:WSK,tree-preservation-order;tree,2021-12-01T07:16:09Z,,
4e697eaf95a262f46585ae6827cc2c85,,tree-preservation-order,,,,local-authority-eng:WSM,tree-preservation-order;tree,2021-12-01T07:16:09Z,,
0c82a4f1dbf8764e2928bd3814522892,,tree-preservation-order,,,,local-authority-eng:WSO,tree-preservation-order;tree,2021-12-01T07:16:09Z,,2019-03-31
e6e3264345761650fc0715327e0a363d,,tree-preservation-order,,,,local-authority-eng:WYC,tree-preservation-order;tree,2021-12-01T07:16:09Z,,
567c41c7f06d0e13bec853264d66a996,,tree-preservation-order,,,,local-authority-eng:WYE,tree-preservation-order;tree,2021-12-01T07:16:09Z,,
719a38b8deff835e35b0903b91162e4f,,tree-preservation-order,,,,local-authority-eng:WYO,tree-preservation-order;tree,2021-12-01T07:16:09Z,,2020-03-31
de9ccc592962f9b3d62ad075464cf68c,,tree-preservation-order,,,,local-authority-eng:WYR,tree-preservation-order;tree,2021-12-01T07:16:09Z,,
a5f73e29a65143cd3627cbb9562c05db,,tree-preservation-order,,,,local-authority-eng:YOR,tree-preservation-order;tree,2021-12-01T07:16:09Z,,
558360515b8a3f3a44ec5e63e80f7095,,tree-preservation-order,https://lambethopenmappingdata-lambethcouncil.opendata.arcgis.com/datasets/lambethcouncil::tree-preservation-order-points/about,f8d5163c023f27f599fee22535f5959e52f18313755fcb3243c78577985cda2d,ogl3,local-authority-eng:LBH,tree-preservation-order;tree,2021-10-29T14:14:38Z,2020-12-17,
676f6b58f707d2c2d745ac4cc5abe1d8,,tree-preservation-order,https://lambethopenmappingdata-lambethcouncil.opendata.arcgis.com/datasets/tree-protection-order-boundaries-1/explore,504c4c95f0386ed91bb3e2e4bbc801f6cc9a3e5d48ef5942e650de7bc90990e4,ogl3,local-authority-eng:LBH,tree-preservation-zone,2021-12-01T13:13:56Z,,
fb375ed5db29f44e4cb8b8b4904a6a8a,,tree-preservation-order,,b40560f8bae3605c599de6cdd59271c4b218c305134fd32586e20a681c183f74,ogl3,local-authority-eng:SWK,tree-preservation-order;tree-preservation-zone,2021-12-01T13:13:31Z,,
ccf524e2bd6df2bf6a712b1e51d2b26b,,tree-preservation-order,,b7c82241d5ad27c0f92cb464dca91aea2461802b345fe3e9df55e844f4dc477e,ogl3,local-authority-eng:SWK,tree-preservation-order;tree-preservation-zone,2021-12-01T13:13:31Z,,
d501adae0632f09bc2b4d7b2857024af,,tree-preservation-order,,9303b2ab116396afad0e4b9f9c827ae2993fa8cc355398eb164e6b4081cfbc5c,ogl3,local-authority-eng:SWK,tree-preservation-order;tree-preservation-zone,2021-12-01T13:13:31Z,,
bb04ccd6b1e787c99e48f5d309039707,,tree-preservation-order,,810751d8f4697034343d69ea0b5f365362089c9d2c083a63d6a3815b17b2a44b,ogl3,local-authority-eng:SWK,tree-preservation-order;tree-preservation-zone,2021-12-01T13:13:32Z,,
082543b7e19b363a064ec0a97b4b5e88,,tree-preservation-order,https://opendata.canterbury.gov.uk/datasets/tree-preservation-orders/explore,41fc6aaaf2059002dfe1401841e88a56278f580c6c425683f5fba935b339bdcd,ogl3,local-authority-eng:CAT,tree-preservation-order;tree-preservation-zone,2021-12-01T18:18:46Z,,
b2ee2b4db034546e397c05a86af23acd,,tree-preservation-order,https://maps.buckscc.gov.uk/arcgis/rest/services/PLANNING/RIPA_BOPS/MapServer/,5c77ad0fb2f636d434a873f6de0d29aaeaca7c37808b77e00dfe6b8726988bf2,ogl3,local-authority-eng:BUC,tree-preservation-order;tree-preservation-zone,2021-12-01T19:19:07Z,,
740c55efbb2773203134985685e58b8f,,tree-preservation-order,https://maps.buckscc.gov.uk/arcgis/rest/services/PLANNING/RIPA_BOPS/MapServer/,f2928a595d6129874968d2fdcfa9f6fc3d99092ace5e0f560227a25b773beac9,,local-authority-eng:BUC,tree-preservation-zone,2022-03-31T13:52:41Z,2022-03-25,
